[
  {
    "id": "/subscriptions/54a0cdb8-afe9-45ce-9932-bd48c71415c4/resourceGroups/Quick-Point/providers/Microsoft.Resources/deployments/Microsoft.CognitiveServicesQnAMaker/operations/CDB0A2CE20337BA4",
    "operationId": "CDB0A2CE20337BA4",
    "properties": {
      "provisioningOperation": "Create",
      "provisioningState": "Succeeded",
      "timestamp": "2020-06-09T16:50:46.6462842Z",
      "duration": "PT3.1895751S",
      "trackingId": "70f285ff-59fb-4492-b417-c934f8289acd",
      "statusCode": "Created",
      "targetResource": {
        "id": "/subscriptions/54a0cdb8-afe9-45ce-9932-bd48c71415c4/resourceGroups/Quick-Point/providers/Microsoft.CognitiveServices/accounts/Quick-Point-Demo",
        "resourceType": "Microsoft.CognitiveServices/accounts",
        "resourceName": "Quick-Point-Demo"
      }
    }
  },
  {
    "id": "/subscriptions/54a0cdb8-afe9-45ce-9932-bd48c71415c4/resourceGroups/Quick-Point/providers/Microsoft.Resources/deployments/Microsoft.CognitiveServicesQnAMaker/operations/7AB72FC96932DA12",
    "operationId": "7AB72FC96932DA12",
    "properties": {
      "provisioningOperation": "Create",
      "provisioningState": "Succeeded",
      "timestamp": "2020-06-09T16:50:14.7073351Z",
      "duration": "PT3.3240359S",
      "trackingId": "abe68142-e047-4195-a138-7a4264ae9f16",
      "statusCode": "OK",
      "targetResource": {
        "id": "/subscriptions/54a0cdb8-afe9-45ce-9932-bd48c71415c4/resourceGroups/Quick-Point/providers/Microsoft.Web/sites/Quick-Point-Demo/config/appsettings",
        "resourceType": "Microsoft.Web/sites/config",
        "resourceName": "Quick-Point-Demo/appsettings"
      }
    }
  },
  {
    "id": "/subscriptions/54a0cdb8-afe9-45ce-9932-bd48c71415c4/resourceGroups/Quick-Point/providers/Microsoft.Resources/deployments/Microsoft.CognitiveServicesQnAMaker/operations/29DB222E83C1EB7E",
    "operationId": "29DB222E83C1EB7E",
    "properties": {
      "provisioningOperation": "Read",
      "provisioningState": "Succeeded",
      "timestamp": "2020-06-09T16:50:11.3434194Z",
      "duration": "PT0.1786583S",
      "trackingId": "d0afbbf3-880d-4aaf-a99e-b108d571033f",
      "statusCode": "OK",
      "targetResource": {
        "id": "/subscriptions/54a0cdb8-afe9-45ce-9932-bd48c71415c4/resourceGroups/Quick-Point/providers/microsoft.insights/components/Quick-Point-Demo-ai",
        "resourceType": "microsoft.insights/components",
        "resourceName": "Quick-Point-Demo-ai",
        "apiVersion": "2015-05-01"
      }
    }
  },
  {
    "id": "/subscriptions/54a0cdb8-afe9-45ce-9932-bd48c71415c4/resourceGroups/Quick-Point/providers/Microsoft.Resources/deployments/Microsoft.CognitiveServicesQnAMaker/operations/CB8AF68F196F04BF",
    "operationId": "CB8AF68F196F04BF",
    "properties": {
      "provisioningOperation": "Create",
      "provisioningState": "Succeeded",
      "timestamp": "2020-06-09T16:50:10.9569357Z",
      "duration": "PT3.689039S",
      "trackingId": "90ae91f7-f826-43cc-8924-28e660096589",
      "statusCode": "OK",
      "targetResource": {
        "id": "/subscriptions/54a0cdb8-afe9-45ce-9932-bd48c71415c4/resourceGroups/Quick-Point/providers/microsoft.insights/components/Quick-Point-Demo-ai",
        "resourceType": "microsoft.insights/components",
        "resourceName": "Quick-Point-Demo-ai"
      }
    }
  },
  {
    "id": "/subscriptions/54a0cdb8-afe9-45ce-9932-bd48c71415c4/resourceGroups/Quick-Point/providers/Microsoft.Resources/deployments/Microsoft.CognitiveServicesQnAMaker/operations/1457A13EC0965277",
    "operationId": "1457A13EC0965277",
    "properties": {
      "provisioningOperation": "Create",
      "provisioningState": "Succeeded",
      "timestamp": "2020-06-09T16:50:07.1743442Z",
      "duration": "PT18.7412142S",
      "trackingId": "03016cce-5aed-44ac-8103-8eac2488bf16",
      "statusCode": "OK",
      "targetResource": {
        "id": "/subscriptions/54a0cdb8-afe9-45ce-9932-bd48c71415c4/resourceGroups/Quick-Point/providers/Microsoft.Web/sites/Quick-Point-Demo",
        "resourceType": "Microsoft.Web/sites",
        "resourceName": "Quick-Point-Demo"
      }
    }
  },
  {
    "id": "/subscriptions/54a0cdb8-afe9-45ce-9932-bd48c71415c4/resourceGroups/Quick-Point/providers/Microsoft.Resources/deployments/Microsoft.CognitiveServicesQnAMaker/operations/F78CCA0F01D22E70",
    "operationId": "F78CCA0F01D22E70",
    "properties": {
      "provisioningOperation": "Create",
      "provisioningState": "Succeeded",
      "timestamp": "2020-06-09T16:49:48.3769746Z",
      "duration": "PT8.1762127S",
      "trackingId": "9dd7b382-f2ea-4536-8cdf-3c06c62d2c91",
      "statusCode": "OK",
      "targetResource": {
        "id": "/subscriptions/54a0cdb8-afe9-45ce-9932-bd48c71415c4/resourceGroups/Quick-Point/providers/Microsoft.Web/serverfarms/Quick-Point-Demo",
        "resourceType": "Microsoft.Web/serverfarms",
        "resourceName": "Quick-Point-Demo"
      }
    }
  },
  {
    "id": "/subscriptions/54a0cdb8-afe9-45ce-9932-bd48c71415c4/resourceGroups/Quick-Point/providers/Microsoft.Resources/deployments/Microsoft.CognitiveServicesQnAMaker/operations/60B62D5ED9E885AB",
    "operationId": "60B62D5ED9E885AB",
    "properties": {
      "provisioningOperation": "Action",
      "provisioningState": "Succeeded",
      "timestamp": "2020-06-09T16:49:44.1630909Z",
      "duration": "PT0.183341S",
      "trackingId": "278abe9d-f98b-4d6b-a174-00b6eaf8a482",
      "statusCode": "OK",
      "targetResource": {
        "id": "/subscriptions/54a0cdb8-afe9-45ce-9932-bd48c71415c4/resourceGroups/Quick-Point/providers/Microsoft.Search/searchServices/quickpointdemo-asy47zv7atblog2",
        "resourceType": "Microsoft.Search/searchServices",
        "resourceName": "quickpointdemo-asy47zv7atblog2",
        "actionName": "listAdminKeys",
        "apiVersion": "2015-08-19"
      }
    }
  },
  {
    "id": "/subscriptions/54a0cdb8-afe9-45ce-9932-bd48c71415c4/resourceGroups/Quick-Point/providers/Microsoft.Resources/deployments/Microsoft.CognitiveServicesQnAMaker/operations/AFCB9BAB158BB164",
    "operationId": "AFCB9BAB158BB164",
    "properties": {
      "provisioningOperation": "Create",
      "provisioningState": "Succeeded",
      "timestamp": "2020-06-09T16:49:43.9358643Z",
      "duration": "PT3.7351024S",
      "trackingId": "23d8dd5b-62a9-4df5-adc9-ca220b69bb3d",
      "statusCode": "Created",
      "targetResource": {
        "id": "/subscriptions/54a0cdb8-afe9-45ce-9932-bd48c71415c4/resourceGroups/Quick-Point/providers/Microsoft.Search/searchServices/quickpointdemo-asy47zv7atblog2",
        "resourceType": "Microsoft.Search/searchServices",
        "resourceName": "quickpointdemo-asy47zv7atblog2"
      }
    }
  },
  {
    "id": "/subscriptions/54a0cdb8-afe9-45ce-9932-bd48c71415c4/resourceGroups/Quick-Point/providers/Microsoft.Resources/deployments/Microsoft.CognitiveServicesQnAMaker/operations/08586098855067930867",
    "operationId": "08586098855067930867",
    "properties": {
      "provisioningOperation": "EvaluateDeploymentOutput",
      "provisioningState": "Succeeded",
      "timestamp": "2020-06-09T16:50:46.8339425Z",
      "duration": "PT0.1488558S",
      "trackingId": "d0870662-edf1-46fc-ba2d-dc16d7b89f81",
      "statusCode": "OK",
      "statusMessage": null
    }
  }
]