{
  "id": "/subscriptions/54a0cdb8-afe9-45ce-9932-bd48c71415c4/resourceGroups/Quick-Point/providers/Microsoft.Resources/deployments/Microsoft.CognitiveServicesQnAMaker",
  "name": "Microsoft.CognitiveServicesQnAMaker",
  "type": "Microsoft.Resources/deployments",
  "tags": {
    "primaryResourceId": "/subscriptions/54a0cdb8-afe9-45ce-9932-bd48c71415c4/resourcegroups/Quick-Point/providers/Microsoft.CognitiveServices/accounts/Quick-Point-Demo",
    "marketplaceItemId": "Microsoft.CognitiveServicesQnAMaker"
  },
  "properties": {
    "templateHash": "15227507896291335617",
    "parameters": {
      "name": {
        "type": "String",
        "value": "Quick-Point-Demo"
      },
      "appName": {
        "type": "String",
        "value": "Quick-Point-Demo"
      },
      "sku": {
        "type": "String",
        "value": "F0"
      },
      "location": {
        "type": "String",
        "value": "westus"
      },
      "location2": {
        "type": "String",
        "value": "westeurope"
      },
      "location3": {
        "type": "String",
        "value": "westeurope"
      },
      "location4": {
        "type": "String",
        "value": "westeurope"
      },
      "sku2": {
        "type": "String",
        "value": "free"
      },
      "searchHostingMode": {
        "type": "String",
        "value": "Default"
      }
    },
    "mode": "Incremental",
    "debugSetting": {
      "detailLevel": "None"
    },
    "provisioningState": "Succeeded",
    "timestamp": "2020-06-09T16:50:46.8598346Z",
    "duration": "PT1M8.1752823S",
    "correlationId": "15b4ddf9-d7af-4db0-9adb-6e3d0cfc21a3",
    "providers": [
      {
        "namespace": "Microsoft.CognitiveServices",
        "resourceTypes": [
          {
            "resourceType": "accounts",
            "locations": [
              "westus"
            ]
          }
        ]
      },
      {
        "namespace": "Microsoft.Search",
        "resourceTypes": [
          {
            "resourceType": "searchServices",
            "locations": [
              "westeurope"
            ]
          }
        ]
      },
      {
        "namespace": "Microsoft.Web",
        "resourceTypes": [
          {
            "resourceType": "sites",
            "locations": [
              "westeurope"
            ]
          },
          {
            "resourceType": "sites/config",
            "locations": [
              null
            ]
          },
          {
            "resourceType": "serverfarms",
            "locations": [
              "westeurope"
            ]
          }
        ]
      },
      {
        "namespace": "microsoft.insights",
        "resourceTypes": [
          {
            "resourceType": "components",
            "locations": [
              "westeurope"
            ]
          }
        ]
      }
    ],
    "dependencies": [
      {
        "dependsOn": [
          {
            "id": "/subscriptions/54a0cdb8-afe9-45ce-9932-bd48c71415c4/resourceGroups/Quick-Point/providers/Microsoft.Web/Sites/Quick-Point-Demo",
            "resourceType": "Microsoft.Web/Sites",
            "resourceName": "Quick-Point-Demo"
          },
          {
            "id": "/subscriptions/54a0cdb8-afe9-45ce-9932-bd48c71415c4/resourceGroups/Quick-Point/providers/Microsoft.Search/searchServices/quickpointdemo-asy47zv7atblog2",
            "resourceType": "Microsoft.Search/searchServices",
            "resourceName": "quickpointdemo-asy47zv7atblog2"
          },
          {
            "id": "/subscriptions/54a0cdb8-afe9-45ce-9932-bd48c71415c4/resourceGroups/Quick-Point/providers/microsoft.insights/components/Quick-Point-Demo-ai",
            "resourceType": "microsoft.insights/components",
            "resourceName": "Quick-Point-Demo-ai"
          }
        ],
        "id": "/subscriptions/54a0cdb8-afe9-45ce-9932-bd48c71415c4/resourceGroups/Quick-Point/providers/Microsoft.CognitiveServices/accounts/Quick-Point-Demo",
        "resourceType": "Microsoft.CognitiveServices/accounts",
        "resourceName": "Quick-Point-Demo"
      },
      {
        "dependsOn": [
          {
            "id": "/subscriptions/54a0cdb8-afe9-45ce-9932-bd48c71415c4/resourceGroups/Quick-Point/providers/Microsoft.Web/serverfarms/Quick-Point-Demo",
            "resourceType": "Microsoft.Web/serverfarms",
            "resourceName": "Quick-Point-Demo"
          }
        ],
        "id": "/subscriptions/54a0cdb8-afe9-45ce-9932-bd48c71415c4/resourceGroups/Quick-Point/providers/Microsoft.Web/sites/Quick-Point-Demo",
        "resourceType": "Microsoft.Web/sites",
        "resourceName": "Quick-Point-Demo"
      },
      {
        "dependsOn": [
          {
            "id": "/subscriptions/54a0cdb8-afe9-45ce-9932-bd48c71415c4/resourceGroups/Quick-Point/providers/Microsoft.Web/sites/Quick-Point-Demo",
            "resourceType": "Microsoft.Web/sites",
            "resourceName": "Quick-Point-Demo"
          }
        ],
        "id": "/subscriptions/54a0cdb8-afe9-45ce-9932-bd48c71415c4/resourceGroups/Quick-Point/providers/microsoft.insights/components/Quick-Point-Demo-ai",
        "resourceType": "microsoft.insights/components",
        "resourceName": "Quick-Point-Demo-ai"
      },
      {
        "dependsOn": [
          {
            "id": "/subscriptions/54a0cdb8-afe9-45ce-9932-bd48c71415c4/resourceGroups/Quick-Point/providers/Microsoft.Web/Sites/Quick-Point-Demo",
            "resourceType": "Microsoft.Web/Sites",
            "resourceName": "Quick-Point-Demo"
          },
          {
            "id": "/subscriptions/54a0cdb8-afe9-45ce-9932-bd48c71415c4/resourceGroups/Quick-Point/providers/Microsoft.Search/searchServices/quickpointdemo-asy47zv7atblog2",
            "resourceType": "Microsoft.Search/searchServices",
            "resourceName": "quickpointdemo-asy47zv7atblog2"
          },
          {
            "id": "/subscriptions/54a0cdb8-afe9-45ce-9932-bd48c71415c4/resourceGroups/Quick-Point/providers/Microsoft.Search/searchServices/quickpointdemo-asy47zv7atblog2",
            "resourceType": "Microsoft.Search/searchServices",
            "resourceName": "quickpointdemo-asy47zv7atblog2",
            "actionName": "listAdminKeys",
            "apiVersion": "2015-08-19"
          },
          {
            "id": "/subscriptions/54a0cdb8-afe9-45ce-9932-bd48c71415c4/resourceGroups/Quick-Point/providers/microsoft.insights/components/Quick-Point-Demo-ai",
            "resourceType": "microsoft.insights/components",
            "resourceName": "Quick-Point-Demo-ai",
            "apiVersion": "2015-05-01"
          }
        ],
        "id": "/subscriptions/54a0cdb8-afe9-45ce-9932-bd48c71415c4/resourceGroups/Quick-Point/providers/Microsoft.Web/sites/Quick-Point-Demo/config/appsettings",
        "resourceType": "Microsoft.Web/sites/config",
        "resourceName": "Quick-Point-Demo/appsettings"
      }
    ],
    "outputs": {
      "qnaRuntimeEndpoint": {
        "type": "String",
        "value": "https://quick-point-demo.azurewebsites.net"
      }
    },
    "outputResources": [
      {
        "id": "/subscriptions/54a0cdb8-afe9-45ce-9932-bd48c71415c4/resourceGroups/Quick-Point/providers/Microsoft.CognitiveServices/accounts/Quick-Point-Demo"
      },
      {
        "id": "/subscriptions/54a0cdb8-afe9-45ce-9932-bd48c71415c4/resourceGroups/Quick-Point/providers/microsoft.insights/components/Quick-Point-Demo-ai"
      },
      {
        "id": "/subscriptions/54a0cdb8-afe9-45ce-9932-bd48c71415c4/resourceGroups/Quick-Point/providers/Microsoft.Search/searchServices/quickpointdemo-asy47zv7atblog2"
      },
      {
        "id": "/subscriptions/54a0cdb8-afe9-45ce-9932-bd48c71415c4/resourceGroups/Quick-Point/providers/Microsoft.Web/serverfarms/Quick-Point-Demo"
      },
      {
        "id": "/subscriptions/54a0cdb8-afe9-45ce-9932-bd48c71415c4/resourceGroups/Quick-Point/providers/Microsoft.Web/sites/Quick-Point-Demo"
      },
      {
        "id": "/subscriptions/54a0cdb8-afe9-45ce-9932-bd48c71415c4/resourceGroups/Quick-Point/providers/Microsoft.Web/sites/Quick-Point-Demo/config/appsettings"
      }
    ],
    "validationLevel": "Template"
  }
}